{"cameraMode":{"drawMode":0,"name":"Shaded","section":"Shading Mode"},"sceneLighting":false,"audioPlay":false,"sceneViewState":{"showFog":true,"showMaterialUpdate":false,"showSkybox":true,"showFlares":true,"showImageEffects":true,"showParticleSystems":true},"in2DMode":false,"pivot":{"x":1.2273436784744263,"y":0.6000000238418579,"z":-2.4600000381469728},"rotation":{"x":-0.1803000271320343,"y":-0.18989205360412599,"z":0.03551001846790314,"w":-0.9644724726676941},"size":2.8578836917877199,"orthographic":false}